,1 Room,2 Rooms,3 Rooms,4 Rooms
0,160.08260680034874,278.2253193960511,411.9621212121212,500.5882352941176
1,178.56949152542373,374.6510416666667,450.5081433224756,641.75
2,84.35714285714286,494.09090909090907,610.0169491525423,793.8
3,81.78571428571429,,844.5,936.2857142857143
