,1 Room,2 Rooms,3 Rooms,4 Rooms
0,173.548204570185,178.56949152542373,84.35714285714286,81.78571428571429
1,289.50232018561485,399.65194805194807,494.09090909090907,
2,411.9621212121212,450.5081433224756,766.5166666666667,4422.25
3,500.5882352941176,701.4520547945206,793.8,936.2857142857143
